{
  "arguments": {
    "results": {
      "id": "Sample unique id",
      "email": "leo.hubert3@gmail.com",
      "surveyVersion": 1,
      "surveyType": "GUEST",
      "age": "23",
      "race": "Other",
      "sex": "Male",
      "location": {
        "county": "Oneida County",
        "state": "New York",
        "stateAbbrev": "NY",
        "countyLat": 43.23718,
        "countyLong": -75.434473,
        "stateLat": 40.712775,
        "stateLong": -74.005973
      },
      "covidResults": {
        "id": "2238c61b-a547-44c9-b8fa-1d4373237932",
        "age": "23",
        "race": "white",
        "sex": "Male",
        "height": "55",
        "weight": "123",
        "beenInfected": true,
        "timesPositive": 1,
        "hospitalized": true,
        "timesHospitalized": 2,
        "lastPositive": "2022-11-01T00:00:00.000Z",
        "tested": true,
        "positiveTest": "yes",
        "symptomatic": true,
        "symptomsPreventScale": "notAtAll",
        "medicationsPrescribed": "yes",
        "medicationsTaken": "antiViral"
      },
      "recoveryResults": {
        "id": "4897c703-248b-483d-81cc-4c343c7cac5d",
        "age": "23",
        "race": "white",
        "sex": "Male",
        "height": "55",
        "weight": "123",
        "recovered": true,
        "lengthOfRecovery": 5
      },
      "vaccinationResults": {
        "id": "7eb33b21-a003-45b1-b735-8d83ce33e602",
        "age": "23",
        "race": "white",
        "sex": "Male",
        "height": "55",
        "weight": "123",
        "vaccinated": "yes",
        "totalVaccineShots": 5,
        "dateOfLastVaccine": "2022-11-02T00:00:00.000Z",
        "vaccineType": "pfizer"
      },
      "globalHealthResults": {
        "id": "edd56c44-7dee-48cd-a743-2dcee1d80910",
        "age": "23",
        "race": "white",
        "sex": "Male",
        "height": "55",
        "weight": "123",
        "healthRank": "veryGood",
        "physicalHealthRank": "veryGood",
        "carryPhysicalActivities": "completely",
        "fatigueRank": "moderate",
        "painLevel": 6
      },
      "symptomResults": {
        "id": "fcfcf583-7665-480d-9562-3627f8c828d5",
        "age": "23",
        "race": "white",
        "sex": "Male",
        "height": "55",
        "weight": "123",
        "symptoms": [
          "headache",
          "bodyMuscleAche"
        ],
        "qualityOfLifeRank": "excellent",
        "mentalHealthRank": "excellent",
        "socialSatisfactionRank": "excellent",
        "carryOutSocialActivitiesRank": "excellent",
        "anxietyInPastWeekRank": "rarely",
        
        "medicalConditions": [
          "memory"
        ],
        "hasLongCovid": "yes"
      },
      "patientHealthResults": {
        "id": "0da39657-e417-4222-82f3-ba93b3f89879",
        "age": "23",
        "race": "white",
        "sex": "Male",
        "height": "55",
        "weight": "123",
        "generalHealthResults": {
          "Little interest or pleasure in doing things?": "notAtAll",
          "Feeling down, depressed, or hopeless?": "notAtAll",
          "Trouble falling or staying asleep, or sleeping too much?": "notAtAll",
          "Feeling tired or having little energy?": "notAtAll",
          "Poor appetite or overeating?": "notAtAll",
          "Feeling bad about yourself — or that you are a failure or have let yourself or your family down?": "notAtAll",
          "Trouble concentrating on things, such as reading the newspaper or watching television?": "notAtAll",
          "Moving or speaking so slowly that other people could have noticed? Or so fidgety or restless that you have been moving a lot more than usual?": "notAtAll"
        },
        "totalScore": 9
      },
      
      "socialDeterminantsResults": {
        "id": "28ef266e-aad2-4610-8a60-a045f36dc76b",
        "age": "23",
        "race": "white",
        "sex": "Male",
        "height": "55",
        "weight": "123",
        "hasMedicalInsurance": true,
        "difficultCoveringExpenses": "somewhatDifficult",
        "currentWorkSituation": "remoteAndParenting"
      },
      "healthRelatedResults": {
        "weight": 34,
        "height": 56
      }
    }
  }
}