{
  "arguments": {
    "results": {
      "id": "83ad1fc2-009d-4bc5-abc7-11a4186529bc",
      "email": "",
      "surveyVersion": 1,
      "surveyType": "GUEST",
      "age": "23",
      "race": "white",
      "sex": "Male",
      "location": {
        "county": "Monroe County",
        "state": "New York",
        "stateAbbrev": "NY",
        "countyLat": 43.284125,
        "countyLong": -77.745208,
        "stateLat": 40.712775,
        "stateLong": -74.005973
      },
      "covidResults": {
        "id": "3cc775e2-44cf-4155-82f6-b5a81adf901e",
        "age": "23",
        "race": "white",
        "sex": "Male",
        "height": "44",
        "weight": "43",
        "beenInfected": true,
        "timesPositive": 2,
        "hospitalized": true,
        "timesHospitalized": 2,
        "lastPositive": "2022-12-01T00:00:00.000Z",
        "tested": true,
        "positiveTest": "yes",
        "symptomatic": true,
        "symptomsPreventScale": "somewhat",
        "medicationsPrescribed": "yes",
        "medicationsTaken": ["oralSteroids"]
      },
      "recoveryResults": {
        "id": "4201e53d-2407-49c2-878c-8aeb100889c8",
        "age": "23",
        "race": "white",
        "sex": "Male",
        "height": "44",
        "weight": "43",
        "recovered": true,
        "lengthOfRecovery": 4
      },
      "vaccinationResults": {
        "id": "51563db6-0aaf-4b6e-83cc-2cc5906d2e1e",
        "age": "23",
        "race": "white",
        "sex": "Male",
        "height": "44",
        "weight": "43",
        "vaccinated": "yes",
        "totalVaccineShots": 4,
        "dateOfLastVaccine": "2022-12-15T00:00:00.000Z",
        "vaccineType": "janssen"
      },
      "globalHealthResults": {
        "id": "41d0dc7d-27d2-4fa4-b4c7-1af6d5b7e928",
        "age": "23",
        "race": "white",
        "sex": "Male",
        "height": "44",
        "weight": "43",
        "healthRank": "veryGood",
        "physicalHealthRank": "veryGood",
        "carryPhysicalActivities": "completely",
        "fatigueRank": "moderate",
        "painLevel": 4
      },
      "patientHealthResults": {
        "id": "9562977f-94e7-4060-af2a-2a8a589bf313",
        "age": "23",
        "race": "white",
        "sex": "Male",
        "height": "44",
        "weight": "43",
        "generalHealthResults": {
          "littleInterestThings": "notAtAll",
          "downDepressedHopeless": "severalDays",
          "sleepProblems": "moreThanHalfTheDays",
          "tiredNoEnergy": "nearlyEveryDay",
          "dietProblems": "moreThanHalfTheDays",
          "badAboutSelf": "severalDays",
          "concentrationProblems": "notAtAll",
          "slowOrRestless": "notAtAll"
        },
        "totalScore": 9
      },
      "symptomResults": {
        "id": "6ac79063-d54d-409d-ab63-e0b2a40741b1",
        "age": "23",
        "race": "white",
        "sex": "Male",
        "height": "44",
        "weight": "43",
        "symptoms": ["weaknessInArmsLegs", "loudSnoring", "hearingProblems"],
        "mentalHealthRank": "veryGood",
        "socialSatisfactionRank": "veryGood",
        "carryOutSocialActivitiesRank": "veryGood",
        "anxietyInPastWeekRank": "sometimes",
        "medicalConditions": ["migraine"],
        "hasLongCovid": "yes"
      },
      "socialDeterminantsResults": {
        "id": "489a210c-8da6-4c78-ad35-fe01c0f0fc0f",
        "age": "23",
        "race": "white",
        "sex": "Male",
        "height": "44",
        "weight": "43",
        "hasMedicalInsurance": true,
        "difficultCoveringExpenses": "somewhatDifficult",
        "currentWorkSituation": "remoteAndParenting"
      },
      "healthRelatedResults": {
        "weight": "43",
        "height": "44"
      }
    }
  }
}
