{
  "arguments": {
    "results": {
      "email": "",
      "surveyVersion": 1,
      "surveyType": "GUEST",
      "age": "26",
      "race": "white",
      "sex": "Male",
      "location": {
        "county": "Monroe County",
        "state": "New York",
        "stateAbbrev": "NY",
        "countyLat": 43.284125,
        "countyLong": -77.745208,
        "stateLat": 40.712775,
        "stateLong": -74.005973
      },
      "covidResults": {
        "id": "ec2f1fb7-d94e-466b-8ba3-09ea49cae390",
        "age": "26",
        "race": "white",
        "sex": "Male",
        "height": "33",
        "weight": "123",
        "beenInfected": false
      },
      "recoveryResults": null,
      "vaccinationResults": {
        "id": "046e3bc8-7440-4944-a26a-010dc5b08324",
        "age": "26",
        "race": "white",
        "sex": "Male",
        "height": "33",
        "weight": "123",
        "vaccinated": "yes",
        "totalVaccineShots": 4,
        "dateOfLastVaccine": "2022-12-07T00:00:00.000Z",
        "vaccineType": "moderna"
      },
      "globalHealthResults": {
        "id": "357a4938-e4f1-4b00-890a-cc3407c5b202",
        "age": "26",
        "race": "white",
        "sex": "Male",
        "height": "33",
        "weight": "123",
        "healthRank": "veryGood",
        "physicalHealthRank": "veryGood",
        "carryPhysicalActivities": "completely",
        "fatigueRank": "mild",
        "painLevel": 4
      },
      "patientHealthResults": {
        "id": "98020da6-09e3-40fb-a8bb-e6010d8d8568",
        "age": "26",
        "race": "white",
        "sex": "Male",
        "height": "33",
        "weight": "123",
        "generalHealthResults": {
          "littleInterestThings": "notAtAll",
          "downDepressedHopeless": "severalDays",
          "sleepProblems": "moreThanHalfTheDays",
          "tiredNoEnergy": "nearlyEveryDay",
          "dietProblems": "moreThanHalfTheDays",
          "badAboutSelf": "severalDays",
          "concentrationProblems": "notAtAll",
          "slowOrRestless": "notAtAll"
        },
        "totalScore": 9
      },
      "symptomResults": {
        "id": "47616b9b-3116-4721-aba1-5eb564f60b54",
        "age": "26",
        "race": "white",
        "sex": "Male",
        "height": "33",
        "weight": "123",
        "symptoms": [
          "bladderProblem",
          "loudSnoring",
          "skinRash",
          "fertilityProblemsForWomen"
        ],
        "mentalHealthRank": "veryGood",
        "socialSatisfactionRank": "veryGood",
        "carryOutSocialActivitiesRank": "veryGood",
        "anxietyInPastWeekRank": "rarely",
        "medicalConditions": [null],
        "hasLongCovid": "yes"
      },
      "socialDeterminantsResults": {
        "id": "b19c4397-e3fe-4fc0-8c8d-2d33afa1aedd",
        "age": "26",
        "race": "white",
        "sex": "Male",
        "height": "33",
        "weight": "123",
        "hasMedicalInsurance": true,
        "difficultCoveringExpenses": "somewhatDifficult",
        "currentWorkSituation": "remote"
      },
      "healthRelatedResults": {
        "weight": "123",
        "height": "33"
      }
    }
  }
}
