{
  "arguments": {
    "results": {
      "email": "",
      "surveyVersion": 1,
      "surveyType": "GUEST",
      "age": "26",
      "race": "white",
      "sex": "Male",
      "location": {
        "county": "Oneida County",
        "state": "New York",
        "stateAbbrev": "NY",
        "countyLat": 43.23718,
        "countyLong": -75.434473,
        "stateLat": 40.712775,
        "stateLong": -74.005973
      },
      "covidResults": {
        "id": "bb4e532c-9462-4035-b366-9e7e6e856e5c",
        "age": "26",
        "race": "white",
        "sex": "Male",
        "height": "44",
        "weight": "123",
        "beenInfected": true,
        "timesPositive": 2,
        "hospitalized": false,
        "lastPositive": "2022-12-07T00:00:00.000Z",
        "tested": false,
        "symptomatic": false,
        "medicationsPrescribed": "no"
      },
      "recoveryResults": {
        "id": "ec8aeabb-e2f0-47e7-99fc-34f8e72eb534",
        "age": "26",
        "race": "white",
        "sex": "Male",
        "height": "44",
        "weight": "123",
        "recovered": false
      },
      "vaccinationResults": {
        "id": "3834e462-a403-4696-9a9c-9ddcd1ea42ee",
        "age": "26",
        "race": "white",
        "sex": "Male",
        "height": "44",
        "weight": "123",
        "vaccinated": "no"
      },
      "globalHealthResults": null,
      "patientHealthResults": {
        "id": "abd3b06b-9d2c-4a78-9ce5-773651a66a97",
        "age": "26",
        "race": "white",
        "sex": "Male",
        "height": "44",
        "weight": "123",
        "generalHealthResults": {
          "littleInterestThings": "notAtAll",
          "downDepressedHopeless": "severalDays",
          "sleepProblems": "moreThanHalfTheDays",
          "tiredNoEnergy": "nearlyEveryDay",
          "dietProblems": "moreThanHalfTheDays",
          "badAboutSelf": "severalDays",
          "concentrationProblems": "notAtAll",
          "slowOrRestless": "notAtAll"
        },
        "totalScore": 9
      },
      "symptomResults": {
        "id": "faa1f244-9c4d-4c46-9042-e01950dbd708",
        "age": "26",
        "race": "white",
        "sex": "Male",
        "height": "44",
        "weight": "123",
        "symptoms": [
          "postExertionalMalaise",
          "palpitations",
          "bladderProblem",
          "difficultyFallingAsleep"
        ],
        "mentalHealthRank": "veryGood",
        "socialSatisfactionRank": "veryGood",
        "carryOutSocialActivitiesRank": "veryGood",
        "anxietyInPastWeekRank": "sometimes",
        "medicalConditions": ["migraine"],
        "hasLongCovid": "no"
      },
      "socialDeterminantsResults": {
        "id": "3b513155-0b36-450a-91c1-ff7818ce99d5",
        "age": "26",
        "race": "white",
        "sex": "Male",
        "height": "44",
        "weight": "123",
        "hasMedicalInsurance": true,
        "difficultCoveringExpenses": "somewhatDifficult",
        "currentWorkSituation": "remoteAndParenting"
      },
      "healthRelatedResults": {
        "weight": "123",
        "height": "44"
      }
    }
  }
}
