{
  "version": "1",
  "cognitoConfig": {
    "identityPoolName": "jhlongcovid_identitypool_1ef14013",
    "allowUnauthenticatedIdentities": true,
    "resourceNameTruncated": "jhlong6de2907c",
    "userPoolName": "jhlongcovid6de2907c_userpool_6de2907c",
    "autoVerifiedAttributes": [
      "email"
    ],
    "mfaConfiguration": "ON",
    "mfaTypes": [
      "TOTP"
    ],
    "smsAuthenticationMessage": "Your authentication code is {####}",
    "smsVerificationMessage": "Your verification code is {####}",
    "emailVerificationSubject": "JH Long COVID Verifiation Code",
    "emailVerificationMessage": "Your JH Long COVID verification code is {####}",
    "defaultPasswordPolicy": false,
    "passwordPolicyMinLength": 8,
    "passwordPolicyCharacters": [],
    "requiredAttributes": [
      "email"
    ],
    "aliasAttributes": [],
    "userpoolClientGenerateSecret": false,
    "userpoolClientRefreshTokenValidity": "2",
    "userpoolClientWriteAttributes": [
      "email"
    ],
    "userpoolClientReadAttributes": [
      "email"
    ],
    "userpoolClientLambdaRole": "jhlong6de2907c_userpoolclient_lambda_role",
    "userpoolClientSetAttributes": false,
    "sharedId": "6de2907c",
    "resourceName": "jhlongcovid",
    "authSelections": "identityPoolAndUserPool",
    "useDefault": "manual",
    "usernameAttributes": [
      "email"
    ],
    "userPoolGroups": false,
    "adminQueries": false,
    "triggers": {},
    "hostedUI": false,
    "userPoolGroupList": [],
    "serviceName": "Cognito",
    "usernameCaseSensitive": false,
    "useEnabledMfas": true,
    "authRoleArn": {
      "Fn::GetAtt": [
        "AuthRole",
        "Arn"
      ]
    },
    "unauthRoleArn": {
      "Fn::GetAtt": [
        "UnauthRole",
        "Arn"
      ]
    },
    "breakCircularDependency": true,
    "dependsOn": [],
    "parentStack": {
      "Ref": "AWS::StackId"
    },
    "permissions": [],
    "authProviders": []
  }
}