{
  "version": 1,
  "serviceConfiguration": {
    "apiName": "jhlongcovid",
    "serviceName": "AppSync",
    "defaultAuthType": {
      "mode": "API_KEY",
      "expirationTime": 7,
      "apiKeyExpirationDate": "2022-09-20T23:30:56.825Z",
      "keyDescription": "LongCovidPublicAPIKey"
    },
    "conflictResolution": {},
    "additionalAuthTypes": [
      {
        "mode": "AMAZON_COGNITO_USER_POOLS",
        "cognitoUserPoolId": "authjhlongcovid"
      },
      {
        "mode": "AWS_IAM"
      }
    ]
  }
}