{
  "auth": {
    "jhlongcovid": {
      "service": "Cognito",
      "providerPlugin": "awscloudformation",
      "dependsOn": [],
      "customAuth": false,
      "frontendAuthConfig": {
        "socialProviders": [],
        "usernameAttributes": [
          "EMAIL"
        ],
        "signupAttributes": [
          "EMAIL"
        ],
        "passwordProtectionSettings": {
          "passwordPolicyMinLength": 8,
          "passwordPolicyCharacters": []
        },
        "mfaConfiguration": "ON",
        "mfaTypes": [
          "TOTP"
        ],
        "verificationMechanisms": [
          "EMAIL"
        ]
      }
    }
  },
  "function": {
    "aggregateSurveyResults": {
      "build": true,
      "providerPlugin": "awscloudformation",
      "service": "Lambda",
      "dependsOn": [
        {
          "category": "api",
          "resourceName": "jhlongcovid",
          "attributes": [
            "GraphQLAPIIdOutput",
            "GraphQLAPIEndpointOutput",
            "GraphQLAPIKeyOutput"
          ]
        }
      ]
    }
  },
  "api": {
    "jhlongcovid": {
      "service": "AppSync",
      "providerPlugin": "awscloudformation",
      "dependsOn": [
        {
          "category": "auth",
          "resourceName": "jhlongcovid",
          "attributes": [
            "UserPoolId"
          ]
        }
      ],
      "output": {
        "authConfig": {
          "defaultAuthentication": {
            "authenticationType": "API_KEY",
            "apiKeyConfig": {
              "apiKeyExpirationDays": 7,
              "apiKeyExpirationDate": "2022-09-20T23:30:56.825Z",
              "description": "LongCovidPublicAPIKey"
            }
          },
          "additionalAuthenticationProviders": [
            {
              "authenticationType": "AMAZON_COGNITO_USER_POOLS",
              "userPoolConfig": {
                "userPoolId": "authjhlongcovid"
              }
            },
            {
              "authenticationType": "AWS_IAM"
            }
          ]
        }
      }
    }
  },
  "hosting": {
    "amplifyhosting": {
      "service": "amplifyhosting",
      "type": "cicd",
      "lastPushTimeStamp": "2022-09-28T15:03:03.118Z"
    }
  },
  "storage": {
    "jhlongcovidassets": {
      "service": "S3",
      "providerPlugin": "awscloudformation",
      "dependsOn": []
    }
  }
}